Data;Otwarcie;Najwyzszy;Najnizszy;Zamkniecie;Wolumen
2016-08-01;15.7;15.7753;15.292;15.334;56852205
2016-08-02;15.2913;15.3247;14.76;15.1467;53986590
2016-08-03;15.158;15.3133;14.9473;15.0387;40959225
2016-08-04;15.046;15.3907;14.8033;15.374;51730455
2016-08-05;15.3333;15.4667;15.16;15.3353;38076855
2016-08-08;15.2;15.3067;15.0727;15.0773;26966730
2016-08-09;15.1213;15.436;15.11;15.272;26013270
2016-08-10;15.216;15.3247;14.9747;15.0433;27892500
2016-08-11;15.078;15.1713;14.894;14.994;24584895
2016-08-12;15.0273;15.11;14.936;15.0407;22213635
2016-08-15;15.068;15.3;14.9953;15.0393;24859200
2016-08-16;15.0327;15.146;14.894;14.9073;25531980
2016-08-17;14.9553;14.9887;14.8533;14.8827;21529665
2016-08-18;14.9213;15.044;14.8193;14.9007;24686520
2016-08-19;14.9027;15.0113;14.8353;15;18998940
2016-08-22;14.9447;15.0073;14.8453;14.862;25912890
2016-08-23;14.9547;15.2327;14.8533;14.9893;61726590
2016-08-24;15.1367;15.1433;14.8147;14.8413;30849030
2016-08-25;14.874;14.92;14.718;14.7307;23702400
2016-08-26;14.8093;14.857;14.588;14.666;28066035
2016-08-29;14.6767;14.6933;14.3333;14.3467;41490345
2016-08-30;14.4073;14.4073;14.0347;14.0893;39293820
2016-08-31;14.0287;14.1733;13.91;14.134;45252405
2016-09-01;13.934;14.0733;13.3667;13.3847;101478885
2016-09-02;13.4887;13.5467;13.08;13.1853;80531415
2016-09-06;13.268;13.55;13.2667;13.5213;63314040
2016-09-07;13.7;13.7663;13.3807;13.4467;39914670
2016-09-08;13.3033;13.326;13.0907;13.1573;47108895
2016-09-09;13.2727;13.328;12.9133;12.9647;46547970
2016-09-12;13;13.4247;12.94;13.22;45682050
2016-09-13;13.1373;13.2327;12.8967;13.07;44217765
2016-09-14;13.05;13.195;12.9903;13.094;26262960
2016-09-15;13.0993;13.5013;13.0933;13.348;32893980
2016-09-16;13.3613;13.7133;13.2667;13.6933;36271350
2016-09-19;13.8;13.962;13.6667;13.756;28437825
2016-09-20;13.79;13.85;13.594;13.6427;24861150
2016-09-21;13.758;13.8;13.4373;13.6813;31295040
2016-09-22;13.76;13.8187;13.5333;13.762;35023050
2016-09-23;13.7327;14.012;13.7113;13.83;40326630
2016-09-26;13.7667;14.0667;13.7667;13.9327;34518375
2016-09-27;13.9767;13.9987;13.6407;13.7207;37758465
2016-09-28;13.834;13.8833;13.684;13.7513;20548275
2016-09-29;13.7067;13.822;13.372;13.38;34996485
2016-09-30;13.4807;13.6653;13.3033;13.602;36826230
2016-10-03;14.1533;14.378;13.8833;14.2467;79822860
2016-10-04;14.2067;14.2213;13.9213;14.094;45549375
2016-10-05;14.1493;14.21;13.8747;13.8973;23705955
2016-10-06;13.4973;13.614;13.3473;13.4;67603155
2016-10-07;13.4;13.4213;13.0533;13.1073;44173905
2016-10-10;13.4233;13.6093;13.3107;13.3967;43420575
2016-10-11;13.4567;13.48;13.2207;13.34;33566775
2016-10-12;13.3967;13.592;13.3613;13.434;25068165
2016-10-13;13.3667;13.393;13.1367;13.3493;33137250
2016-10-14;13.3773;13.4287;13.0867;13.1007;47913015
2016-10-17;13.1367;13.226;12.8;12.9307;58331940
2016-10-18;13.066;13.298;12.884;13.2733;73818900
2016-10-19;13.316;13.7773;13.204;13.5707;84610620
2016-10-20;13.4747;13.5333;13.1367;13.2733;64948020
2016-10-21;13.24;13.438;13.1607;13.3393;33077490
2016-10-24;13.4;13.5963;13.35;13.5173;39959130
2016-10-25;13.5267;13.646;13.4133;13.4893;32718435
2016-10-26;13.4;13.546;13.34;13.4827;48029040
2016-10-27;14.0893;14.2467;13.4433;13.6007;191784030
2016-10-28;13.6;13.688;13.322;13.3313;63030705
2016-10-31;13.4993;13.4993;13.054;13.182;70384095
2016-11-01;13.2027;13.2333;12.5403;12.7193;105900540
2016-11-02;12.67;12.8463;12.5003;12.5347;63800730
2016-11-03;12.6;12.7647;12.4693;12.4947;39795345
2016-11-04;12.6;12.8973;12.3973;12.704;77190645
2016-11-07;12.906;12.9527;12.67;12.8807;56728905
2016-11-08;12.9193;13.166;12.7507;12.996;47564715
2016-11-09;12.4583;12.8;12.2633;12.6707;121972710
2016-11-10;12.7367;12.774;12.028;12.3567;99932550
2016-11-11;12.2827;12.592;12.2;12.5707;58538640
2016-11-14;12.5333;12.55;11.8793;12.0967;98283075
2016-11-15;12.1853;12.4287;12.1367;12.2513;58530270
2016-11-16;12.1767;12.3153;12.0807;12.262;51078150
2016-11-17;12.2327;12.6327;12.1407;12.5773;67815780
2016-11-18;12.71;12.8667;12.3333;12.3347;77704125
2016-11-21;12.336;12.5927;12.294;12.3133;64941270
2016-11-22;12.3893;12.7647;12.2473;12.7447;83511015
2016-11-23;12.7073;13.043;12.6;12.876;70220145
2016-11-25;12.9093;13.149;12.9093;13.11;34833240
2016-11-28;13.032;13.29;12.97;13.0747;65989725
2016-11-29;13.0373;13.1153;12.6333;12.638;64908225
2016-11-30;12.7333;12.7927;12.5;12.6267;51503475
2016-12-01;12.55;12.5687;12.0667;12.1253;74774385
2016-12-02;12.192;12.3253;12;12.098;59423145
2016-12-05;12.1673;12.5927;12.1673;12.4533;58931250
2016-12-06;12.368;12.4387;12.179;12.39;50258040
2016-12-07;12.41;12.8933;12.3333;12.876;79686315
2016-12-08;12.8033;12.8333;12.636;12.8193;46626960
2016-12-09;12.7247;12.9223;12.7207;12.812;40391295
2016-12-12;12.8533;12.9613;12.736;12.8287;36060195
2016-12-13;12.8787;13.4187;12.8667;13.21;99715230
2016-12-14;13.2493;13.5333;13.1173;13.246;61897860
2016-12-15;13.2273;13.3827;13.1593;13.172;47349300
2016-12-16;13.2053;13.506;13.1733;13.4993;54686025
2016-12-19;13.4993;13.63;13.3227;13.5153;51048390
2016-12-20;13.5367;13.9333;13.5;13.9193;69327735
2016-12-21;13.8967;14.1487;13.8273;13.8467;76344150
2016-12-22;13.8813;13.9993;13.7667;13.8967;45456375
2016-12-23;13.8667;14.23;13.8473;14.2227;64233720
2016-12-27;14.3253;14.8167;14.2947;14.6353;85326255
2016-12-28;14.7687;14.92;14.48;14.6493;55285500
2016-12-29;14.5707;14.6133;14.275;14.31;59207790
2016-12-30;14.42;14.5;14.112;14.246;69639300
2017-01-03;14.324;14.6887;14.064;14.466;82936545
2017-01-04;14.3167;15.2;14.2873;15.1327;166881135
2017-01-05;15.0947;15.1653;14.7967;15.1167;87832155
2017-01-06;15.1287;15.354;15.03;15.2673;81965850
2017-01-09;15.2647;15.4613;15.2;15.4187;58693575
2017-01-10;15.4667;15.4667;15.126;15.3247;53947335
2017-01-11;15.2713;15.332;15.112;15.3153;51295635
2017-01-12;15.2707;15.38;15.0387;15.306;55739910
2017-01-13;15.3333;15.8567;15.306;15.85;89985540
2017-01-17;15.78;15.9973;15.6247;15.7053;68991465
2017-01-18;15.7767;15.9807;15.7053;15.8907;55760505
2017-01-19;16.4833;16.5787;16.05;16.2507;113824620
2017-01-20;16.364;16.4;16.2007;16.3153;56689500
2017-01-23;16.39;16.726;16.3667;16.5947;89007630
2017-01-24;16.6667;16.9867;16.6433;16.974;71708985
2017-01-25;17.154;17.2307;16.7867;16.9647;76732485
2017-01-26;16.9527;17.0493;16.7167;16.834;46040775
2017-01-27;16.7587;16.8667;16.568;16.864;45627225
2017-01-30;16.8353;17.0193;16.4733;16.708;54935715
2017-01-31;16.616;17.0593;16.5133;16.7953;60792855
2017-02-01;16.87;16.88;16.6033;16.616;58836225
2017-02-02;16.556;16.828;16.514;16.7693;36269835
2017-02-03;16.794;16.812;16.6453;16.7553;32800845
2017-02-06;16.7333;17.188;16.7087;17.1847;52823175
2017-02-07;17.2127;17.3333;17.0947;17.1653;60890145
2017-02-08;17.1567;17.5573;17.08;17.472;58209900
2017-02-09;17.75;18.0787;17.7433;17.9467;115377540
2017-02-10;17.986;18.0633;17.7407;17.9487;53866905
2017-02-13;18.0493;18.7193;18.034;18.7067;103394115
2017-02-14;18.602;19.1593;18.574;18.732;107893215
2017-02-15;18.6667;18.816;18.4293;18.6507;73648380
2017-02-16;18.5067;18.6667;17.9;17.93;105339000
2017-02-17;17.72;18.1927;17.61;18.1487;91844640
2017-02-21;18.3633;18.76;18.2673;18.4927;84098850
2017-02-22;18.6873;18.8967;18.1733;18.234;111463710
2017-02-23;17.6;17.644;17.0373;17.066;222387120
2017-02-24;16.844;17.2167;16.68;17.1333;121794075
2017-02-27;16.5447;16.5573;16.134;16.4153;168195495
2017-02-28;16.2793;16.7333;16.26;16.666;89202630
2017-03-01;16.9453;16.99;16.6073;16.668;71692410
2017-03-02;16.6473;16.8853;16.5513;16.6987;49825665
2017-03-03;16.716;16.7933;16.6;16.7713;43617600
2017-03-06;16.5273;16.78;16.5007;16.7473;49308435
2017-03-07;16.7947;16.926;16.5547;16.5727;50127600
2017-03-08;16.4667;16.6713;16.3547;16.4553;54655065
2017-03-09;16.5087;16.5773;16.2;16.3267;57780780
2017-03-10;16.414;16.4333;16.2;16.246;45145755
2017-03-13;16.2927;16.4567;16.1853;16.4113;45339375
2017-03-14;16.4073;17.208;16.4013;17.2;113976690
2017-03-15;17.1333;17.4;16.9513;17.0487;79962090
2017-03-16;17.4933;17.7167;17.2707;17.47;106982295
2017-03-17;17.6;17.6887;17.4133;17.4333;88687155
2017-03-20;17.3733;17.6367;17.2547;17.4613;54214410
2017-03-21;17.522;17.6533;16.6827;16.712;103628310
2017-03-22;16.7707;17.0047;16.7007;17.0007;60889455
2017-03-23;17.026;17.178;16.8867;16.9853;49803675
2017-03-24;17.0467;17.5927;17.0007;17.544;82986210
2017-03-27;17.3733;18.038;17.3167;18.0147;91345575
2017-03-28;18.468;18.712;18.3333;18.4967;116716695
2017-03-29;18.556;18.64;18.3693;18.492;53441850
2017-03-30;18.536;18.8;18.4807;18.528;60999045
2017-03-31;18.582;18.6453;18.4213;18.5533;48369315
2017-04-03;19.1267;19.9333;18.972;19.9013;208329270
2017-04-04;19.7927;20.3207;19.6353;20.2453;149628735
2017-04-05;20.136;20.3253;19.6133;19.6667;116728005
2017-04-06;19.792;20.1293;19.6067;19.9133;81752640
2017-04-07;19.8333;20.1793;19.81;20.1693;68694195
2017-04-10;20.61;20.9153;20.5807;20.826;113738805
2017-04-11;20.892;20.898;20.3667;20.5807;85868655
2017-04-12;20.4227;20.5633;19.7547;19.7893;88885245
2017-04-13;19.78;20.4927;19.6867;20.2667;137626920
2017-04-17;20.18;20.2667;19.912;20.096;60804855
2017-04-18;19.98;20.056;19.86;20.0167;43021305
2017-04-19;20.164;20.4413;20.1407;20.368;56120040
2017-04-20;20.434;20.61;20.0153;20.1673;88472025
2017-04-21;20.1333;20.4267;20.028;20.3733;66306765
2017-04-24;20.6147;20.7033;20.4013;20.5353;76177950
2017-04-25;20.5333;20.932;20.3907;20.9193;101024505
2017-04-26;20.8247;20.9667;20.6;20.678;70336470
2017-04-27;20.7793;20.8727;20.5;20.5753;51949020
2017-04-28;20.6553;20.9867;20.5333;20.938;67582170
2017-05-01;20.992;21.8167;20.9873;21.522;132316590
2017-05-02;21.6;21.844;21.104;21.2593;79769085
2017-05-03;21.178;21.4353;20.6967;20.7347;103596930
2017-05-04;20.4957;20.518;19.384;19.6973;212077935
2017-05-05;19.8667;20.57;19.7867;20.5567;122660205
2017-05-08;20.7267;20.9193;20.388;20.4793;105052020
2017-05-09;20.6253;21.466;20.6067;21.4173;144970935
2017-05-10;21.4373;21.7;21.208;21.6813;86028675
2017-05-11;21.56;21.7333;21.3067;21.54;71215695
2017-05-12;21.6987;21.8;21.4353;21.654;61759425
2017-05-15;21.2253;21.3467;20.8353;21.0587;114112695
2017-05-16;21.1727;21.3373;21.0093;21.134;62129535
2017-05-17;20.9593;20.9753;20.3667;20.4;100441095
2017-05-18;20.4667;20.9293;20.354;20.8707;84807015
2017-05-19;21.0333;21.1;20.68;20.722;69789975
2017-05-22;20.8533;20.958;20.4533;20.69;64874430
2017-05-23;20.6973;20.7153;20.232;20.2573;64728300
2017-05-24;20.434;20.7333;20.36;20.6813;75554790
2017-05-25;20.7347;21.1313;20.5207;21.122;75060570
2017-05-26;21.152;21.6993;21.0873;21.676;116879550
2017-05-30;21.7333;22.4187;21.7173;22.34;116589435
2017-05-31;22.5127;22.8593;22.344;22.734;149068335
2017-06-01;22.9333;22.992;22.486;22.6913;114038745
2017-06-02;22.6513;22.8587;22.3953;22.6567;83754960
2017-06-05;22.5667;23.2293;22.2807;23.1547;101557740
2017-06-06;22.98;23.9663;22.6647;23.52;165890790
2017-06-07;23.756;24.0333;23.676;23.9767;140282820
2017-06-08;24.25;24.7933;24.0147;24.6667;135450780
2017-06-09;24.9613;25.1247;23.6533;23.8213;258773760
2017-06-12;23.866;24.3;23.3747;23.934;157623915
2017-06-13;24.508;25.0667;24.4407;25.0633;176671665
2017-06-14;25.4057;25.6167;25.0873;25.3773;191753370
2017-06-15;24.8333;25.0307;24.4327;25.0227;156241320
2017-06-16;25.1983;25.2007;24.6733;24.76;95255670
2017-06-19;25;25.1133;24.52;24.6533;97093920
2017-06-20;25.1113;25.2587;24.6487;24.816;111324570
2017-06-21;24.9567;25.1327;24.5347;25.0933;73848150
2017-06-22;25.1993;25.6667;24.9047;25.5073;112714230
2017-06-23;25.4967;25.7993;25.2897;25.5633;96399990
2017-06-26;25.7793;25.7967;24.8733;25.166;98964045
2017-06-27;25.0933;25.0933;24.1347;24.158;104699310
2017-06-28;24.4453;24.7827;24.168;24.7493;94397430
2017-06-29;24.7073;24.7333;23.6067;24.05;123068280
2017-06-30;24.2473;24.451;23.9747;24.1073;87402270
2017-07-03;24.6827;24.7567;23.4333;23.5;94581015
2017-07-05;23.1467;23.1493;21.7553;21.806;255089445
2017-07-06;21.1507;21.386;20.42;20.5887;289139310
2017-07-07;20.9;21.1333;20.492;20.8813;212023380
2017-07-10;20.86;21.196;20.2087;21.07;206704020
2017-07-11;21.0667;21.8187;20.9533;21.8147;172921395
2017-07-12;22.0267;22.2067;21.6333;21.968;154857645
2017-07-13;22.0073;22.1067;21.3313;21.5607;128746290
2017-07-14;21.546;21.8947;21.4147;21.852;84120645
2017-07-17;21.7027;21.8067;20.8967;21.3047;147451170
2017-07-18;21.1667;21.942;21.044;21.8827;95483265
2017-07-19;21.882;22.11;21.548;21.684;95233305
2017-07-20;21.7933;22.0147;21.6133;21.9947;77188215
2017-07-21;21.964;22.084;21.72;21.8933;73076625
2017-07-24;22.016;22.8933;22.0007;22.8347;128985165
2017-07-25;23;23.04;22.2767;22.64;104701695
2017-07-26;22.6907;23.0333;22.5413;22.9233;72157785
2017-07-27;23.0667;23.1667;21.7527;22.2973;124297425
2017-07-28;22.4593;22.64;22.1673;22.338;73095795
2017-07-31;22.3667;22.766;21.4027;21.5647;127903995
2017-08-01;21.5333;21.63;21.0753;21.3047;124317210
2017-08-02;21.2627;21.808;20.748;21.726;181369545
2017-08-03;23.022;23.3333;22.8767;23.1383;202895400
2017-08-04;23.1333;23.818;22.8867;23.794;138577800
2017-08-07;23.8233;23.9653;23.5167;23.678;94646685
2017-08-08;23.8353;24.572;23.8267;24.348;111490095
2017-08-09;24.0667;24.6667;23.93;24.2353;103231395
2017-08-10;24.1067;24.4433;23.644;23.6933;106035225
2017-08-11;23.798;24.084;23.5747;23.858;65380290
2017-08-14;24.3087;24.5107;24.1733;24.2533;67625835
2017-08-15;24.3467;24.366;23.958;24.1553;46158000
2017-08-16;24.2;24.4333;24.168;24.194;51101040
2017-08-17;24.0807;24.22;23.4393;23.4613;75174135
2017-08-18;23.5273;23.6;23.0533;23.164;80967960
2017-08-21;23.0547;23.0547;22.1233;22.524;97354320
2017-08-22;22.742;22.816;22.4917;22.7567;64730880
2017-08-23;22.5993;23.566;22.5537;23.518;74139135
2017-08-24;23.5013;23.7773;23.316;23.5287;68640060
2017-08-25;23.616;23.7127;23.1533;23.2033;52132365
2017-08-28;23.152;23.1567;22.648;23.044;56239320
2017-08-29;22.632;23.27;22.5833;23.1573;61040655
2017-08-30;23.3113;23.5647;23.1333;23.5453;51063285
2017-08-31;23.57;23.896;23.5213;23.7267;60985350
2017-09-01;23.7413;23.8393;23.5793;23.6933;45733425
2017-09-05;23.5867;23.6993;23.0593;23.306;57645420
2017-09-06;23.3;23.3987;22.7707;22.9687;61243515
2017-09-07;23.0653;23.4987;22.8967;23.374;63534090
2017-09-08;23.266;23.3187;22.82;22.8933;48920835
2017-09-11;23.4233;24.2473;23.3333;24.246;114774705
2017-09-12;24.2993;24.584;24.0267;24.1833;89500740
2017-09-13;24.2547;24.538;23.9727;24.4153;62580495
2017-09-14;24.2887;25.1973;24.1753;25.176;107571555
2017-09-15;24.9673;25.3333;24.8467;25.3207;81135270
2017-09-18;25.35;25.974;25.1787;25.6667;107689305
2017-09-19;25.3333;25.4927;24.9047;25.0067;96604125
2017-09-20;24.8667;25.2167;24.738;24.9273;73663245
2017-09-21;24.9933;25.122;24.3007;24.432;69189315
2017-09-22;24.4327;24.66;23.392;23.406;122165085
2017-09-25;23.5433;23.8313;22.8587;22.9993;113810925
2017-09-26;23.3953;23.416;22.7267;23.0167;107259480
2017-09-27;23.3267;23.4327;22.7;22.7313;90443940
2017-09-28;22.6587;22.85;22.36;22.64;79678155
2017-09-29;22.7907;22.9787;22.5733;22.7347;76486680
2017-10-02;22.8347;22.9133;22.3673;22.7687;78654270
2017-10-03;22.3933;23.2367;22.0853;23.2093;151898115
2017-10-04;23.4167;23.908;23.3067;23.6673;122228910
2017-10-05;23.7333;23.829;23.4233;23.676;62522415
2017-10-06;23.54;24.0067;23.4833;23.789;64168170
2017-10-09;23.31;23.45;22.8447;22.8627;111965265
2017-10-10;23.12;23.7087;23.0353;23.706;104588280
2017-10-11;23.5927;23.84;23.41;23.64;67429920
2017-10-12;23.53;23.9853;23.5093;23.712;61132785
2017-10-13;23.7987;23.8993;23.5787;23.7047;53084370
2017-10-16;23.584;23.632;23.144;23.3733;80601150
2017-10-17;23.394;23.748;23.338;23.7167;49354755
2017-10-18;23.7313;24.2;23.6087;23.9767;74042490
2017-10-19;23.704;23.8097;23.2133;23.454;75850830
2017-10-20;23.5127;23.6367;22.956;23.0067;73900005
2017-10-23;23.3253;23.33;22.4167;22.468;86105490
2017-10-24;22.5867;22.8533;22.4107;22.4893;67326390
2017-10-25;22.4467;22.5;21.5707;21.7227;128763060
2017-10-26;21.852;22.0153;21.5467;21.7447;75181305
2017-10-27;21.3167;21.6393;21.1107;21.3913;104551770
2017-10-30;21.2787;21.5853;21.15;21.3387;63815670
2017-10-31;21.3487;22.13;21.3453;22.102;85085205
2017-11-01;22.15;22.174;21.3507;21.4053;126860040
2017-11-02;20.0087;20.5793;19.5087;19.9507;296871240
2017-11-03;19.9667;20.4167;19.6753;20.406;133409610
2017-11-06;20.4667;20.5;19.934;20.1853;97237290
2017-11-07;20.068;20.4333;20.002;20.4033;79294800
2017-11-08;20.3667;20.4593;20.0867;20.2873;70882650
2017-11-09;20.1667;20.2973;19.7533;20.1993;81605025
2017-11-10;20.1667;20.5573;20.1233;20.1993;69328680
2017-11-13;20.0087;21.12;19.9407;21.0267;113618130
2017-11-14;21;21.09;20.46;20.58;84981645
2017-11-15;20.4007;20.8327;20.1;20.7533;89282760
2017-11-16;20.9327;21.2093;20.7533;20.8333;86975175
2017-11-17;21.7113;21.778;20.8767;21.0033;205826835
2017-11-20;20.9193;21.0333;20.3167;20.5827;123630585
2017-11-21;20.724;21.2153;20.5807;21.1873;108859125
2017-11-22;21.118;21.1613;20.7893;20.84;73708515
2017-11-24;20.9193;21.094;20.7333;21.0367;48660975
2017-11-27;20.8833;21.156;20.634;21.1207;68082690
2017-11-28;21.0907;21.3333;20.928;21.174;74126535
2017-11-29;21.1533;21.2;20.082;20.5027;131368935
2017-11-30;20.5707;20.7133;20.3027;20.5967;65200050
2017-12-01;20.3627;20.688;20.3367;20.4353;64293345
2017-12-04;20.4333;20.551;20.0407;20.3467;87514875
2017-12-05;20.1333;20.5333;20.0667;20.2467;69657465
2017-12-06;20.0067;20.8927;20;20.8847;107788920
2017-12-07;20.8;21.2423;20.7367;20.7507;71694150
2017-12-08;20.9733;21.132;20.7507;21.0087;51993720
2017-12-11;20.9753;21.934;20.9167;21.9267;118919850
2017-12-12;22.03;22.7627;22.002;22.7353;130741725
2017-12-13;22.7287;22.948;22.4333;22.602;93268410
2017-12-14;22.734;23.1627;22.46;22.526;86886840
2017-12-15;22.8027;22.9267;22.384;22.8953;103866060
2017-12-18;22.9933;23.1153;22.5053;22.5873;82009680
2017-12-19;22.684;22.7663;22.02;22.066;102319185
2017-12-20;22.1793;22.2067;21.6693;21.932;89258550
2017-12-21;21.9727;22.2493;21.814;22.1107;65567475
2017-12-22;21.9673;22.0613;21.6547;21.68;63117150
2017-12-26;21.5887;21.5893;21.1053;21.1527;65549430
2017-12-27;21.0667;21.1667;20.7167;20.776;70578090
2017-12-28;20.7833;21.0547;20.636;21.024;64608075
2017-12-29;21.0787;21.094;20.6667;20.7567;56567070
2018-01-02;20.8;21.474;20.7333;21.3687;65188275
2018-01-03;21.4;21.6833;21.0367;21.15;66893295
2018-01-04;20.858;21.2367;20.3787;20.9747;149194260
2018-01-05;21.108;21.1493;20.8;21.1053;68838660
2018-01-08;21.0667;22.468;21.0333;22.4273;147555480
2018-01-09;22.344;22.5867;21.827;22.246;107019555
2018-01-10;22.1467;22.4667;22;22.32;64569705
2018-01-11;22.3493;22.9873;22.2173;22.53;99624465
2018-01-12;22.5753;22.694;22.2447;22.4147;72341715
2018-01-16;22.5027;23;22.32;22.6707;96451590
2018-01-17;22.698;23.2667;22.65;23.144;106426485
2018-01-18;23.0447;23.4867;22.916;22.9713;85200075
2018-01-19;23;23.3727;22.84;23.3347;73072125
2018-01-22;23.2933;23.8553;23.28;23.4373;93061515
2018-01-23;24;24.0333;23.4;23.5193;81787995
2018-01-24;23.6387;23.65;22.9013;23.0593;79169490
2018-01-25;23.218;23.28;22.4267;22.5093;100910880
2018-01-26;22.7667;22.9333;22.3807;22.8567;68032050
2018-01-29;22.6567;23.39;22.552;23.302;71104155
2018-01-30;23.0093;23.218;22.8113;23.0547;70663200
2018-01-31;23.1673;23.746;23.0127;23.6207;92992545
2018-02-01;23.4;23.9773;23.242;23.2833;62862480
2018-02-02;23.2293;23.4633;22.7007;22.9167;55447650
2018-02-05;22.5313;22.9647;22.2;22.2087;66634275
2018-02-06;21.6807;22.4147;21.5667;22.2647;76326570
2018-02-07;22.5993;23.0667;22.3773;23;101713245
2018-02-08;22.8873;23.2413;20.9733;21.0153;154472715
2018-02-09;21.3287;21.399;19.6507;20.6947;193874040
2018-02-12;21.0753;21.2053;20.4167;21.0487;93378270
2018-02-13;21.0013;21.6127;20.834;21.5773;68325900
2018-02-14;21.3893;21.7447;21.2347;21.4873;59225925
2018-02-15;21.6333;22.2747;21.4933;22.271;88662105
2018-02-16;22.1667;22.8747;22.1093;22.366;84607380
2018-02-20;22.298;22.7227;22.1;22.3173;60106350
2018-02-21;22.402;22.6463;22.212;22.22;48112035
2018-02-22;22.3687;23.1627;22.3167;23.088;104434020
2018-02-23;23.1887;23.666;23.14;23.47;87216570
2018-02-26;23.5667;23.9333;23.4903;23.8233;65024940
2018-02-27;23.75;23.9993;23.334;23.3993;71961285
2018-02-28;23.5047;23.6827;22.8147;22.8707;91044870
2018-03-01;23.0007;23.2447;22.0047;22.062;103284015
2018-03-02;21.7987;22.348;21.5313;22.3413;76392435
2018-03-05;22.1593;22.5167;21.953;22.2233;57356535
2018-03-06;22.25;22.4247;21.802;21.88;64286160
2018-03-07;21.696;22.1667;21.4493;22.1533;75109455
2018-03-08;22.1907;22.22;21.7517;21.94;53493660
2018-03-09;21.6067;21.8993;21.4913;21.8113;82601460
2018-03-12;21.9073;23.1473;21.7667;23.034;123960525
2018-03-13;22.9947;23.008;22.4177;22.7893;89487075
2018-03-14;22.4507;22.654;21.5953;21.7753;119510550
2018-03-15;21.9587;22.19;21.4067;21.7067;98472015
2018-03-16;21.7307;21.8267;21.2713;21.4233;91759185
2018-03-19;21.1;21.3833;20.6447;20.904;112264410
2018-03-20;20.9913;21.0833;20.584;20.7033;71464395
2018-03-21;20.6833;21.496;20.6793;21.102;89376165
2018-03-22;20.926;21.2547;20.5453;20.6067;74096565
2018-03-23;20.75;20.774;20.03;20.1027;99823485
2018-03-26;20.4893;20.506;19.424;20.2787;125627625
2018-03-27;20.2667;20.2847;18.4787;18.612;208080435
2018-03-28;17.6387;17.912;16.8067;17.1853;315021555
2018-03-29;17.0993;18.064;16.5473;17.742;227561235
2018-04-02;17.084;17.3553;16.306;16.832;241709520
2018-04-03;17.988;18.2233;16.966;17.8353;282665760
2018-04-04;16.852;19.2247;16.8;19.1293;298451190
2018-04-05;19.2893;20.4173;19.2133;20.3813;286816515
2018-04-06;20.0667;20.6187;19.7;19.9533;202804290
2018-04-09;20.0247;20.6333;19.2807;19.3107;153637365
2018-04-10;19.9313;20.4733;19.5787;20.3133;165363885
2018-04-11;20.062;20.5867;19.9773;20.062;112070970
2018-04-12;20.1547;20.2633;19.5787;19.6053;114131535
2018-04-13;20.24;20.2633;19.732;20.0227;109908345
2018-04-16;19.9333;19.9773;19.2673;19.414;95077320
2018-04-17;19.258;19.478;18.834;19.1793;105000345
2018-04-18;19.4053;20.016;19.2107;19.5567;98365500
2018-04-19;19.4053;20.0673;19.2367;20.0053;91358985
2018-04-20;19.678;19.9987;19.3167;19.3493;84418920
2018-04-23;19.4193;19.4413;18.822;18.8913;73400670
2018-04-24;19;19.1393;18.564;18.8973;85279620
2018-04-25;18.9;19.0107;18.4833;18.7127;60203610
2018-04-26;18.5833;19.0527;18.4333;19.032;65340195
2018-04-27;19.0247;19.6313;18.922;19.605;65469390
2018-04-30;19.574;19.9153;19.5;19.5933;63422580
2018-05-01;19.5673;20.0547;19.548;19.9947;69384045
2018-05-02;19.9047;20.4567;19.8523;20.0767;134555550
2018-05-03;18.586;19.2027;18.3487;18.9633;260281950
2018-05-04;18.8667;19.7907;18.6347;19.606;128540310
2018-05-07;19.8333;20.3973;19.678;20.1847;130173360
2018-05-08;20.053;20.5167;19.9333;20.1313;88950000
2018-05-09;20.0273;20.4673;20.0033;20.4567;85910475
2018-05-10;20.5;20.866;20.274;20.3347;84773415
2018-05-11;20.5133;20.592;19.9387;20.0707;70194735
2018-05-14;20.2213;20.3293;19.4413;19.4647;109302060
2018-05-15;19.0007;19.1307;18.7;18.9453;142787595
2018-05-16;18.922;19.254;18.7707;19.0987;85110285
2018-05-17;19.06;19.279;18.9313;18.9693;66309180
2018-05-18;18.9767;18.9767;18.2667;18.4547;108778305
2018-05-21;18.7553;19.4327;18.7533;18.966;137738565
2018-05-22;19.184;19.2;18.228;18.334;134186340
2018-05-23;18.5173;18.6607;18.2667;18.6047;89775795
2018-05-24;18.56;18.7407;18.326;18.5233;62650620
2018-05-25;18.5083;18.6427;18.374;18.59;58126230
2018-05-29;18.5673;19.1;18.41;18.9173;84999600
2018-05-30;18.886;19.667;18.7733;19.448;112345290
2018-05-31;19.1473;19.358;18.862;18.982;88795815
2018-06-01;19.0573;19.4633;18.9227;19.4547;81365790
2018-06-04;19.6227;19.9333;19.57;19.7827;71967150
2018-06-05;19.8467;19.8533;19.116;19.4087;89927355
2018-06-06;20.0333;21.478;19.832;21.3;281509035
2018-06-07;21.0767;22;20.9053;21.0727;215179065
2018-06-08;21.2667;21.632;21.1433;21.1773;123078030
2018-06-11;21.5007;22.3107;21.5;22.14;197752095
2018-06-12;22.98;23.6647;22.5333;22.8513;335211045
2018-06-13;23.1137;23.1467;22.6533;22.9853;142047060
2018-06-14;23.1753;23.9167;23.1067;23.848;164715345
2018-06-15;23.5893;24.3113;23.4167;23.878;162723810
2018-06-18;23.6933;24.9153;23.6333;24.722;181098390
2018-06-19;24.344;24.6667;23.0833;23.5033;191428545
2018-06-20;23.8693;24.292;23.4667;24.148;125754840
2018-06-21;24.1333;24.4143;23.0847;23.1673;119507175
2018-06-22;23.436;23.4833;22.1333;22.242;153990885
2018-06-25;22.008;22.5647;21.8333;22.2007;103969560
2018-06-26;22.4037;22.9033;21.72;22.8;111787305
2018-06-27;23;23.386;22.6333;22.9667;125005905
2018-06-28;23.244;23.8013;23.074;23.3287;125970075
2018-06-29;23.5553;23.5907;22.8273;22.8633;97385940
2018-07-02;24.0047;24.3187;21.99;22.338;281396475
2018-07-03;22.1167;22.166;20.646;20.724;184239570
2018-07-05;20.9173;20.9593;19.748;20.6107;262145610
2018-07-06;20.3303;20.8047;20.1333;20.5933;132981765
2018-07-09;20.7993;21.2347;20.5333;21.234;113951295
2018-07-10;21.6373;21.845;21.28;21.498;142072470
2018-07-11;21.0533;21.4627;21.0047;21.264;73261140
2018-07-12;21.4287;21.5487;20.8513;21.114;85817490
2018-07-13;21.0387;21.3057;20.6167;21.258;88136550
2018-07-16;20.7807;21.0107;20.4167;20.6733;117279825
2018-07-17;20.5873;21.6493;20.5667;21.5127;104943480
2018-07-18;21.6667;21.7;21.0833;21.59;84363165
2018-07-19;21.0887;21.5693;20.934;21.3487;88730175
2018-07-20;21.4153;21.5493;20.7807;20.9053;77498205
2018-07-23;20.1227;20.3667;19.524;20.2133;164894205
2018-07-24;20.2947;20.5143;19.503;19.8287;143861760
2018-07-25;19.7827;20.6413;19.6337;20.5827;106412700
2018-07-26;20.3233;20.7133;20.2427;20.4433;69457830
2018-07-27;20.4833;20.513;19.6893;19.812;85549890
2018-07-30;19.7267;19.74;19.0753;19.3447;102211080
2018-07-31;19.4833;19.888;19.2713;19.876;76153740
2018-08-01;19.866;20.2;19.5333;20.056;151941450
2018-08-02;21.896;23.3327;21.544;23.3027;348224430
2018-08-03;23.1873;23.6667;22.8353;23.2113;204847290
2018-08-06;23.0307;23.6653;22.788;22.7993;128464965
2018-08-07;22.9227;25.8307;22.61;25.3047;463136520
2018-08-08;24.606;25.5093;24.4747;24.6893;368567445
2018-08-09;24.37;24.4673;23.0487;23.4967;257757165
2018-08-10;23.6;24;23.0667;23.6993;173280660
2018-08-13;24.0753;24.2127;23.268;23.7607;156958215
2018-08-14;23.8967;23.9467;23.14;23.176;104796405
2018-08-15;22.7937;22.966;22.1427;22.5793;136518870
2018-08-16;22.6607;22.8187;22.2547;22.3633;90960495
2018-08-17;21.5667;21.7847;20.2353;20.3667;284379180
2018-08-20;19.447;20.5667;19.2133;20.5627;261035025
2018-08-21;20.7073;21.6527;20.6;21.46;197583450
2018-08-22;21.3913;21.592;20.978;21.4427;89189325
2018-08-23;21.276;21.8213;21.2067;21.34;77209290
2018-08-24;21.38;21.59;21.2933;21.5213;54038460
2018-08-27;21.2;21.4957;20.5873;21.2847;196189320
2018-08-28;21.2273;21.2587;20.746;20.7907;114736365
2018-08-29;20.6847;20.79;20.246;20.334;111710880
2018-08-30;20.1507;20.3067;19.848;20.21;108250590
2018-08-31;20.1333;20.354;19.9067;20.1107;80626560
2018-09-04;19.796;19.8793;19.2;19.2633;125257035
2018-09-05;19.0033;19.1187;18.4787;18.716;115812315
2018-09-06;18.9867;19.4113;18.592;18.73;112211400
2018-09-07;17.34;17.89;16.817;17.5493;337378965
2018-09-10;18.2173;19.0687;18.0667;19.0333;214252920
2018-09-11;18.6313;18.8;18.2367;18.6293;137549835
2018-09-12;18.7627;19.5;18.5763;19.3693;150231405
2018-09-13;19.2013;19.6667;19.012;19.2973;95105040
2018-09-14;19.2507;19.8217;19.1013;19.68;101484180
2018-09-17;19.336;20.058;19.2087;19.656;103313655
2018-09-18;19.7793;20.176;18.3667;18.9973;248212830
2018-09-19;18.7007;20;18.7;19.9347;124423755
2018-09-20;20.2373;20.3987;19.5553;19.8887;110241330
2018-09-21;19.8467;20.0387;19.6913;19.94;75757170
2018-09-24;19.8987;20.2;19.572;19.9787;72644415
2018-09-25;20;20.3067;19.7667;20.066;67225935
2018-09-26;20.1273;20.926;20.074;20.6387;117648240
2018-09-27;20.86;20.9973;20.4607;20.5013;127636260
2018-09-28;18.0173;18.5333;17.3703;17.6513;504745410
2018-10-01;20.3847;20.7627;20.07;20.7133;326663955
2018-10-02;20.93;21.1227;19.9433;20.068;176152665
2018-10-03;20.222;20.3067;19.438;19.6533;119924820
2018-10-04;19.5967;19.6;18.5113;18.7887;147213180
2018-10-05;18.31;18.3253;17.3333;17.4633;269168055
2018-10-08;17.6347;17.8507;16.6;16.704;202089795
2018-10-09;17.0167;17.7847;16.8867;17.52;180908610
2018-10-10;17.6407;17.7007;16.518;17.1253;192229170
2018-10-11;17.1687;17.4833;16.602;16.8153;122516070
2018-10-12;17.4;17.466;16.8007;17.252;108021060
2018-10-15;17.2707;17.552;16.969;17.306;92999475
2018-10-16;17.7133;18.4917;17.4827;18.4393;142896015
2018-10-17;18.8267;18.8467;17.7203;18.1187;129833130
2018-10-18;17.9527;18.0667;17.5333;17.594;81317760
2018-10-19;17.826;17.9773;16.9;17.3333;140633235
2018-10-22;17.3787;17.4573;16.8393;17.3967;84003900
2018-10-23;17.5913;19.862;17.4733;19.6093;285416295
2018-10-24;20.07;20.296;19.0487;19.2333;300873870
2018-10-25;21.148;21.4;20.0673;20.9907;312610860
2018-10-26;20.55;22.66;20.4433;22.06;411382800
2018-10-29;22.498;23.144;21.7667;22.3233;217290405
2018-10-30;21.8927;22.5267;21.484;21.9933;136900560
2018-10-31;22.1693;22.8;21.94;22.488;114365220
2018-11-01;22.5507;23.1893;22.315;22.952;120001980
2018-11-02;22.916;23.28;22.7273;23.094;117119565
2018-11-05;22.7;22.9303;22.0093;22.76;117465720
2018-11-06;22.6047;23.2533;22.406;22.7373;101443335
2018-11-07;22.8893;23.412;22.72;23.2107;110617830
2018-11-08;23.2333;23.8383;23.2293;23.4267;106360110
2018-11-09;23.2667;23.6;23.0153;23.3673;76482690
2018-11-12;23.2247;23.3187;22.0227;22.0853;104122845
2018-11-13;22.2107;22.98;22.1467;22.582;81728955
2018-11-14;22.8467;23.1407;22.4767;22.9333;75604305
2018-11-15;22.822;23.2387;22.6027;23.2293;69385785
2018-11-16;23.0127;23.7133;23.008;23.6207;108092865
2018-11-19;23.756;24.45;23.5253;23.5647;145633065
2018-11-20;22.7833;23.32;22.2367;23.166;120070635
2018-11-21;23.4667;23.54;22.4933;22.546;70302120
2018-11-23;22.2897;22.5;21.7033;21.722;63039630
2018-11-26;21.6667;23.0813;21.6667;23.0667;119882115
2018-11-27;22.67;23.1307;22.3667;22.928;95374500
2018-11-28;23.066;23.2187;22.814;23.1913;61913670
2018-11-29;23.1333;23.1667;22.6367;22.7447;46210860
2018-11-30;22.7887;23.44;22.551;23.3653;84433425
2018-12-03;24;24.4;23.4667;23.8993;124597665
2018-12-04;23.7367;24.5787;23.4667;23.98;126929175
2018-12-06;23.734;24.492;23.384;24.204;117637620
2018-12-07;24.6;25.2993;23.8433;23.8643;172667655
2018-12-10;24;24.3987;23.5413;24.3433;99201825
2018-12-11;24.6607;24.8113;24.0153;24.4507;94631535
2018-12-12;24.628;24.794;24.344;24.44;75405720
2018-12-13;24.6767;25.1627;24.45;25.1193;110487810
2018-12-14;25;25.1913;24.2887;24.3807;95063325
2018-12-17;24.1333;24.38;22.9253;23.228;115110120
2018-12-18;23.3693;23.4367;22.246;22.4687;106499985
2018-12-19;22.5067;23.134;21.9827;22.198;124112715
2018-12-20;21.8037;22.0193;20.7913;21.0253;136077870
2018-12-21;21.16;21.5647;20.8293;21.318;120252015
2018-12-24;20.9;20.9667;19.6797;19.6927;83398695
2018-12-26;20;21.798;19.606;21.7393;122447070
2018-12-27;21.3227;21.478;20.1;21.0753;128626995
2018-12-28;21.54;22.416;21.2273;22.258;149084880
2018-12-31;22.5193;22.614;21.684;22.1867;94535070
2019-01-02;20.4067;21.0087;19.92;20.6747;174879720
2019-01-03;20.4667;20.6267;19.8253;20.024;104477760
2019-01-04;20.4;21.2;20.182;21.1793;110911740
2019-01-07;21.448;22.4493;21.1833;22.3307;113268375
2019-01-08;22.7973;22.934;21.8013;22.3567;105127740
2019-01-09;22.3667;22.9003;22.098;22.5687;81494175
2019-01-10;22.2933;23.026;22.1193;22.998;90845310
2019-01-11;22.806;23.2273;22.5847;23.1507;75585780
2019-01-14;22.8253;22.8333;22.2667;22.2933;78709260
2019-01-15;22.3333;23.2533;22.3;22.962;90848850
2019-01-16;22.9853;23.4667;22.9;23.07;70376085
2019-01-17;23.0807;23.4333;22.9433;23.154;55150995
2019-01-18;21.5333;21.8087;19.982;20.1507;362261445
2019-01-22;20.3213;20.5333;19.7;19.928;181001115
2019-01-23;19.5;19.6333;18.7793;19.1727;187949895
2019-01-24;18.8687;19.5787;18.619;19.434;120182325
2019-01-25;19.626;19.9013;19.3033;19.8027;108871170
2019-01-28;19.5273;19.8307;19.1833;19.7587;96349185
2019-01-29;19.6847;19.9037;19.4533;19.8307;69325380
2019-01-30;20.03;20.6;19.8993;20.5847;168754770
2019-01-31;20.0667;20.771;19.6;20.468;188538675
2019-02-01;20.3613;21.0733;20.2333;20.814;109251615
2019-02-04;20.8653;21.02;20.1253;20.8593;110281230
2019-02-05;20.8327;21.496;20.8167;21.4233;101141475
2019-02-06;21.306;21.616;21.0417;21.148;75578190
2019-02-07;20.8867;20.98;20.2;20.5007;97809165
2019-02-08;20.4553;20.4963;19.9;20.3867;87663180
2019-02-11;20.7733;21.24;20.7;20.856;106945695
2019-02-12;21.08;21.2127;20.6413;20.7873;82763550
2019-02-13;20.8233;20.85;20.3713;20.5447;77124255
2019-02-14;20.2253;20.4513;20.0667;20.2513;78012480
2019-02-15;20.3;20.5333;20.26;20.5253;58574205
2019-02-19;20.4373;20.7697;20.3647;20.376;62526645
2019-02-20;20.294;20.42;19.9333;20.1707;107131755
2019-02-21;20.1207;20.216;19.3667;19.4153;133637730
2019-02-22;19.6327;19.7667;19.4733;19.6473;86108370
2019-02-25;19.8607;20.1937;19.8;19.918;99397830
2019-02-26;19.4813;20.134;19.2513;19.8573;128738025
2019-02-27;20.1187;21.0863;20.0367;20.9827;167758620
2019-02-28;21.2613;21.3333;20.7207;21.3253;157809795
2019-03-01;20.4627;20.4753;19.46;19.6527;343670625
2019-03-04;19.8747;19.9333;18.852;19.024;256452270
2019-03-05;18.8;18.9333;18.0067;18.436;281471100
2019-03-06;18.432;18.767;18.2927;18.416;155032275
2019-03-07;18.5893;18.98;18.2833;18.4393;141637245
2019-03-08;18.4607;19.0393;18.3927;18.9427;132294375
2019-03-11;18.9013;19.4187;18.7;19.3947;110884170
2019-03-12;19.0993;19.2047;18.7373;18.8907;112562055
2019-03-13;18.9267;19.466;18.8467;19.264;102670785
2019-03-14;19.4967;19.6927;19.2193;19.3307;106551705
2019-03-15;18.9007;18.915;18.2933;18.362;221782965
2019-03-18;18.4;18.5367;17.82;17.966;154214700
2019-03-19;17.8333;18.22;17.564;17.8313;177009450
2019-03-20;17.9793;18.3313;17.7533;18.24;103623360
2019-03-21;18.1733;18.43;17.8967;18.268;89206470
2019-03-22;18.172;18.1867;17.6;17.6353;131184135
2019-03-25;17.314;17.5453;16.964;17.3613;153225435
2019-03-26;17.6293;18.0173;17.6287;17.8513;110264220
2019-03-27;17.9167;18.358;17.879;18.322;131687490
2019-03-28;18.4773;18.6887;18.34;18.5747;101611395
2019-03-29;18.58;18.6773;18.3;18.6573;89870070
2019-04-01;18.8413;19.28;18.752;19.2787;121656585
2019-04-02;19.22;19.296;18.9253;19.0587;82184100
2019-04-03;19.1547;19.7447;19.1447;19.454;118947960
2019-04-04;17.4593;18.08;17.3727;17.852;355810935
2019-04-05;17.9907;18.4067;17.7407;18.3307;195573855
2019-04-08;18.5127;18.744;18.0293;18.2133;156156540
2019-04-09;18.11;18.3333;17.974;18.154;88560465
2019-04-10;18.4493;18.5587;18.193;18.404;105919710
2019-04-11;17.8867;18.0333;17.7067;17.8947;147538905
2019-04-12;18.0147;18.13;17.7887;17.8467;101189610
2019-04-15;17.9087;17.9253;17.242;17.7587;150578685
2019-04-16;17.7167;18.3333;17.648;18.224;109093950
2019-04-17;18.3167;18.3193;17.9023;18.082;76897020
2019-04-18;18.082;18.3227;17.9833;18.2173;88144875
2019-04-22;17.9333;17.9787;17.4987;17.5167;182207115
2019-04-23;17.3433;17.7067;17.05;17.5933;164157885
2019-04-24;17.59;17.688;17.2;17.244;160911810
2019-04-25;17;17.2667;16.4047;16.5047;327740895
2019-04-26;16.4333;16.4453;15.4087;15.676;335410635
2019-04-29;15.724;16.2653;15.478;16.098;250717140
2019-04-30;16.1373;16.2807;15.8;15.9127;141969420
2019-05-01;15.9233;16;15.4333;15.6007;160565310
2019-05-02;16.368;16.4753;15.848;16.2733;272390085
2019-05-03;16.2573;17.1073;16.2327;17.002;355601565
2019-05-06;16.668;17.2233;16.5667;17.0227;162509145
2019-05-07;17.12;17.1473;16.34;16.4707;151971120
2019-05-08;16.4627;16.7067;16.28;16.3227;92646600
2019-05-09;16.1333;16.2453;15.7963;16.132;100670730
2019-05-10;15.9833;16.1327;15.7347;15.968;105125040
2019-05-13;15.4673;15.498;14.9667;15.134;162521940
2019-05-14;15.2867;15.6333;15.2;15.4873;108786180
2019-05-15;15.288;15.496;15.0167;15.4633;109439640
2019-05-16;15.2993;15.4;15.1;15.222;112249095
2019-05-17;14.7973;14.816;13.928;14.0687;266799990
2019-05-20;13.52;13.7333;13.0167;13.6907;307892925
2019-05-21;13.184;13.8267;13.0693;13.672;270058485
2019-05-22;13.2733;13.596;12.7853;12.8487;280277805
2019-05-23;12.956;13.2977;12.4147;13.0327;398207130
2019-05-24;13.322;13.332;12.5833;12.7087;212048580
2019-05-28;12.7467;13;12.5233;12.58;154693515
2019-05-29;12.4733;12.826;12.336;12.6573;179529570
2019-05-30;12.5833;12.817;12.468;12.548;118897125
2019-05-31;12.34;12.6613;12.2733;12.344;156100980
2019-06-03;12.3673;12.4453;11.7993;11.9313;195966150
2019-06-04;12.0733;12.932;11.974;12.9067;207112830
2019-06-05;13.2453;13.4187;12.79;13.106;202661340
2019-06-06;13.6293;14.0667;13.4533;13.73;303632265
2019-06-07;13.6667;14.0563;13.5667;13.6333;240052905
2019-06-10;14.0167;14.4627;13.934;14.192;158775585
2019-06-11;14.6097;14.7267;14.2333;14.4733;174803055
2019-06-12;14.8633;14.892;13.9333;13.9507;227963160
2019-06-13;14.0253;14.3267;13.834;14.2607;122523900
2019-06-14;14.0833;14.4433;14.0267;14.328;111501030
2019-06-17;14.3653;15.1333;14.2847;15.002;184752045
2019-06-18;15.248;15.6493;14.8373;14.9827;190736820
2019-06-19;15.0073;15.1847;14.7373;15.0953;98627025
2019-06-20;14.8667;15.1267;14.4233;14.6413;177951930
2019-06-21;14.4147;14.812;14.3667;14.7907;123031170
2019-06-24;14.8827;15.0573;14.7347;14.9093;86261565
2019-06-25;14.9593;15.0227;14.6327;14.6507;92731065
2019-06-26;14.6873;15.1487;14.54;14.618;127608120
2019-06-27;14.63;14.86;14.49;14.856;95095650
2019-06-28;14.7327;15.0113;14.72;14.8973;102770760
2019-07-01;15.3473;15.54;15.0853;15.1447;123569460
2019-07-02;15.2593;15.2767;14.8147;14.97;138885405
2019-07-03;15.9593;16.1047;15.634;15.66;213017220
2019-07-05;15.638;15.6967;15.3867;15.54;105986070
2019-07-08;15.416;15.4833;15.244;15.356;88208130
2019-07-09;15.2647;15.4;15.152;15.3373;92862525
2019-07-10;15.61;15.9293;15.5427;15.928;137186040
2019-07-11;15.876;16.1;15.72;15.9067;112716450
2019-07-12;15.9833;16.3587;15.9807;16.3387;138007815
2019-07-15;16.5333;16.9613;16.324;16.9;165001380
2019-07-16;16.62;16.902;16.529;16.8253;122234835
2019-07-17;17.0447;17.2207;16.89;16.9907;146470905
2019-07-18;16.9027;17.05;16.7923;16.9027;71467245
2019-07-19;17.046;17.3307;16.9747;17.212;105726150
2019-07-22;17.25;17.477;16.946;17.0453;102694095
2019-07-23;17.114;17.3653;16.9667;17.3447;75346815
2019-07-24;17.278;17.738;17.2107;17.6587;166092525
2019-07-25;15.5667;15.6333;15.0367;15.2547;336273780
2019-07-26;15.128;15.3507;14.8167;15.2027;150415455
2019-07-29;15.1393;15.7293;15.069;15.718;139099965
2019-07-30;15.5267;16.224;15.4787;16.1507;121635210
2019-07-31;16.2;16.4453;15.7767;16.1073;137673120
2019-08-01;16.1767;16.3007;15.4513;15.59;123892740
2019-08-02;15.4233;15.7513;15.282;15.6227;92047215
2019-08-05;15.3067;15.4243;15.0517;15.2213;105424185
2019-08-06;15.4587;15.5;15.05;15.3833;83463000
2019-08-07;15.1;15.5713;15.0533;15.5613;71647500
2019-08-08;15.63;15.9867;15.51;15.8867;79115235
2019-08-09;15.737;15.9307;15.5873;15.6673;58473660
2019-08-12;15.5327;15.718;15.25;15.2673;69959055
2019-08-13;15.254;15.7333;15.17;15.6667;73034970
2019-08-14;15.414;15.4333;14.446;14.6413;143438865
2019-08-15;14.724;14.7707;14.1033;14.376;123479280
2019-08-16;14.444;14.816;14.4013;14.6627;78110640
2019-08-19;14.9473;15.1887;14.78;15.122;79676220
2019-08-20;15.1747;15.2727;14.9693;15.0573;62557905
2019-08-21;14.8007;14.8813;14.5067;14.722;116996160
2019-08-22;14.8533;15.0267;14.548;14.81;98474460
2019-08-23;14.6647;14.7447;14.0667;14.0933;128395560
2019-08-26;14.24;14.3347;14.1027;14.3333;75816210
2019-08-27;14.3827;14.5867;14.1353;14.272;81310905
2019-08-28;14.246;14.4833;14.154;14.3727;48579375
2019-08-29;14.6;14.8933;14.5333;14.7807;77746560
2019-08-30;15.2767;15.496;14.9477;15.0407;139916625
2019-09-03;14.9387;15.2633;14.8773;15.0007;80408190
2019-09-04;15.126;15.2307;14.6137;14.712;86530440
2019-09-05;14.8333;15.32;14.7233;15.3053;111049830
2019-09-06;15.1467;15.3093;15.0113;15.1633;62840580
2019-09-09;15.3107;15.584;15.282;15.4527;72040035
2019-09-10;15.3867;15.7027;15.2627;15.7027;73255710
2019-09-11;15.8253;16.545;15.7333;16.4733;150641655
2019-09-12;16.5133;16.9;16.2933;16.3913;128718150
2019-09-13;16.464;16.5633;16.3243;16.3467;79697175
2019-09-16;16.4;16.4953;16.078;16.1873;70921440
2019-09-17;16.1647;16.3733;16.0247;16.3193;59203635
2019-09-18;16.3333;16.5447;16.158;16.2327;63421545
2019-09-19;16.4;16.5293;16.3227;16.44;73247025
2019-09-20;16.4327;16.463;15.8773;16.0413;97593960
2019-09-23;16;16.3453;15.948;16.082;65874450
2019-09-24;16.1013;16.1327;14.8407;14.8807;194116680
2019-09-25;14.9707;15.2653;14.5573;15.2467;141664290
2019-09-26;15.3773;16.2207;15.16;16.1707;181181775
2019-09-27;16.1467;16.5807;15.9153;16.142;166847685
2019-09-30;16.2;16.2653;15.7407;16.058;89192415
2019-10-01;16.1;16.3967;15.942;16.3127;92944350
2019-10-02;16.2193;16.31;15.962;16.2087;93848220
2019-10-03;15.4573;15.632;14.952;15.5353;227066445
2019-10-04;15.4407;15.652;15.2047;15.4287;120317700
2019-10-07;15.32;15.904;15.2367;15.848;121304355
2019-10-08;15.7247;16.2627;15.6333;16.0033;130535070
2019-10-09;16.088;16.4863;16.0433;16.302;104025495
2019-10-10;16.352;16.6187;16.1053;16.316;94701255
2019-10-11;16.4767;16.7387;16.454;16.526;127322385
2019-10-14;16.5267;17.2367;16.4753;17.1307;153402945
2019-10-15;17.18;17.3333;16.9413;17.1927;97191840
2019-10-16;17.1593;17.4733;17.128;17.3167;100564545
2019-10-17;17.5;17.652;17.3447;17.4647;71685645
2019-10-18;17.38;17.52;17.0067;17.13;86304990
2019-10-21;17.222;17.3;16.6787;16.9;76621515
2019-10-22;16.956;17.222;16.7233;17.0387;69376425
2019-10-23;16.9667;17.076;16.7567;16.9787;168242730
2019-10-24;19.8913;20.3287;19.28;19.9787;447288465
2019-10-25;19.848;22;19.7407;21.8753;450091365
2019-10-28;21.836;22.7227;21.5067;21.8473;283054290
2019-10-29;21.3327;21.62;20.9833;21.0813;190264005
2019-10-30;20.8667;21.2527;20.6647;21.0007;144627150
2019-10-31;20.8733;21.2667;20.8667;20.9947;76004340
2019-11-01;21.088;21.0987;20.6533;20.8873;95758935
2019-11-04;20.9867;21.4627;20.6173;21.1647;131805600
2019-11-05;21.308;21.5673;21.0747;21.148;104151255
2019-11-06;21.2;21.7813;20.9667;21.772;119113980
2019-11-07;21.9427;22.7667;21.868;22.3693;217010220
2019-11-08;22.3;22.4973;22.1667;22.476;91113315
2019-11-11;22.93;23.2793;22.8;23.006;149905335
2019-11-12;23.1267;23.358;22.936;23.3287;110390745
2019-11-13;23.6667;23.7553;23.012;23.074;127017945
2019-11-14;23.074;23.5893;22.8607;23.29;97075545
2019-11-15;23.376;23.52;23.224;23.478;72188445
2019-11-18;23.5277;23.5433;23.0733;23.3327;66127575
2019-11-19;23.45;23.9993;23.1867;23.968;116041170
2019-11-20;24;24.08;23.3047;23.4813;101009475
2019-11-21;23.634;24.056;23.6003;23.6553;91650195
2019-11-22;22.6773;22.7333;22;22.2027;253059630
2019-11-25;22.9547;22.9713;22.2973;22.4227;185186475
2019-11-26;22.3513;22.3667;21.8067;21.928;119343585
2019-11-27;22.0747;22.262;21.9047;22.07;83292120
2019-11-29;22.074;22.084;21.8333;21.996;36984435
2019-12-02;21.96;22.4257;21.9123;22.3247;91229790
2019-12-03;22.1747;22.5273;22.1457;22.4133;99202140
2019-12-04;22.5167;22.524;22.19;22.202;83043825
2019-12-05;22.1887;22.295;21.8167;22.0247;56054640
2019-12-06;22.3333;22.5907;22.318;22.3927;114284055
2019-12-09;22.4393;22.9633;22.3387;22.6353;135603255
2019-12-10;22.664;23.382;22.6207;23.256;132599265
2019-12-11;23.4583;23.8127;23.406;23.5133;103787430
2019-12-12;23.6613;24.1827;23.5487;23.9787;116643165
2019-12-13;24.07;24.3473;23.6427;23.8927;98614215
2019-12-16;24.17;25.574;24.1667;25.4333;273314100
2019-12-17;25.266;25.7;25.06;25.266;127556625
2019-12-18;25.3753;26.348;25.372;26.21;212045880
2019-12-19;26.488;27.1233;26.4333;26.936;271804605
2019-12-20;27.3527;27.5333;26.679;27.0393;221778090
2019-12-23;27.452;28.134;27.3333;27.948;199992315
2019-12-24;27.8907;28.3647;27.5127;28.35;120820800
2019-12-26;28.5273;28.8987;28.4233;28.7293;159724335
2019-12-27;29;29.0207;28.4073;28.692;149352405
2019-12-30;28.586;28.6;27.284;27.6467;189018975
2019-12-31;27;28.086;26.8053;27.8887;154386840
2020-01-02;28.3;28.713;28.114;28.684;143375790
2020-01-03;29.3667;30.2667;29.128;29.534;266920455
2020-01-06;29.3647;30.104;29.3333;30.1027;152362485
2020-01-07;30.76;31.442;30.2237;31.2707;273137070
2020-01-08;31.58;33.2333;31.2153;32.8093;467990895
2020-01-09;33.14;33.2533;31.5247;32.0893;426947790
2020-01-10;32.1193;32.3293;31.58;31.8767;194652480
2020-01-13;32.9;35.0433;32.8;34.99;399518205
2020-01-14;36.2833;36.4933;34.9933;35.86;435920655
2020-01-15;35.3167;35.8567;34.4533;34.5667;260532465
2020-01-16;32.9167;34.2967;32.8113;34.2333;326049795
2020-01-17;33.84;34.3767;33.5433;34.0333;204436095
2020-01-21;35.35;36.5733;35.2267;36.48;267052065
2020-01-22;38.1267;39.6333;37.2733;37.97;470535420
2020-01-23;37.6167;38.8;37.04;38.1467;294765630
2020-01-24;38.0433;38.2567;36.95;37.6533;215304000
2020-01-27;36.1333;37.63;35.9533;37.2;204121020
2020-01-28;37.9;38.4533;37.2067;37.7933;176827395
2020-01-29;38.38;39.32;37.83;38.7333;273250080
2020-01-30;42.16;43.3933;41.2;42.72;435085140
2020-01-31;42.6667;43.5333;42.1667;43.37;235788990
2020-02-03;44.9133;52.41;44.9;52;708502425
2020-02-04;58.8633;64.6;55.5933;59.1367;914081370
2020-02-05;54.8833;56.4;46.94;48.98;726357555
2020-02-06;46.66;53.0567;45.8;49.93;598211280
2020-02-07;48.7033;51.3167;48.6667;49.87;255952815
2020-02-10;53.3333;54.6667;50.16;51.42;370337445
2020-02-11;51.2533;52.2333;50.5333;51.6267;175462095
2020-02-12;51.8567;52.65;50.89;51.1533;180337050
2020-02-13;49.4567;54.5333;49;53.6;394340220
2020-02-14;52.48;54.1967;52.3667;53.3367;235405665
2020-02-18;56.1067;57.3333;55.49;57.2267;250475535
2020-02-19;61.5667;62.9867;60.0667;61.16;381344370
2020-02-20;60.7967;60.8;57.33;59.96;264523395
2020-02-21;60.4667;60.87;58.6967;60.0667;215091690
2020-02-24;55.9333;57.5667;54.8133;55.5867;227882445
2020-02-25;56.6;57.1067;52.4667;53.3267;259357215
2020-02-26;52.1667;54.22;51.74;51.92;212307645
2020-02-27;48.6667;49.3167;44.6;45.2667;364157400
2020-02-28;41.98;46.0333;40.7667;44.5333;368462565
2020-03-02;47.4167;49.58;45.7767;49.5733;302924865
2020-03-03;53.6667;53.8;47.74;49.7;386760045
2020-03-04;50.93;51.1;48.3167;49.9667;225734655
2020-03-05;48.25;49.7167;47.87;48.3033;162789855
2020-03-06;46;47.1333;45.6167;46.9;189943770
2020-03-09;40.36;44.2;40.3333;40.5333;256106100
2020-03-10;43.9633;44.5333;40.5333;43.0233;233916645
2020-03-11;42.68;43.5733;40.8667;42.2833;201203805
2020-03-12;38.7267;39.6333;36.4167;37.37;283635780
2020-03-13;39.6667;40.5033;33.4667;36.44;339603810
2020-03-16;31.3;32.9913;29.478;29.6713;307341960
2020-03-17;29.334;31.4567;26.4;28.68;359918700
2020-03-18;25.9333;26.9907;23.3673;24.0813;356792430
2020-03-19;24.9797;30.1333;23.8973;28.5093;452931900
2020-03-20;29.2133;31.8;28.386;28.502;424282530
2020-03-23;28.9067;29.4667;27.3667;28.9527;246818235
2020-03-24;31.82;34.2467;31.6;33.6667;343427550
2020-03-25;36.35;37.1333;34.0733;35.95;318341175
2020-03-26;36.4933;37.3333;34.15;35.21;261331230
2020-03-27;33.6667;35.0533;32.9353;34.29;215661120
2020-03-30;34.0167;34.4433;32.7487;33.4767;179971005
2020-03-31;33.4167;36.1967;33.1333;34.9333;266572275
2020-04-01;33.6;34.2633;31.6733;32.104;200297700
2020-04-02;32.0687;32.9507;29.76;30.298;297876405
2020-04-03;33.9667;34.3667;31.226;32.0007;338431140
2020-04-06;34.08;34.7333;33.1967;34.4167;223527540
2020-04-07;36.3333;37.6667;35.49;36.3633;268796760
2020-04-08;36.9467;37.1467;35.5567;36.59;189840360
2020-04-09;37.4733;38.3467;37.14;38.2;204750000
2020-04-13;39.3433;43.4667;38.7033;43.3967;337131315
2020-04-14;46.5967;49.46;46.1633;47.3267;458647665
2020-04-15;49.4667;50.21;47.3333;48.6567;353655015
2020-04-16;47.7967;50.63;47.1133;49.68;309867930
2020-04-17;51.4867;51.6633;49.8433;50.26;196923555
2020-04-20;48.8467;51.0367;47.48;49.7567;221198655
2020-04-21;48.6733;50.2233;44.92;45.78;303136395
2020-04-22;46.9333;48.9333;45.9133;48.8067;213372465
2020-04-23;48.5067;48.9333;46.8767;47.0433;198550455
2020-04-24;47.3867;48.7167;46.5467;48.3433;198564180
2020-04-27;49.1733;53.3;49;53.25;310221630
2020-04-28;53.0433;53.6667;50.4467;51.2733;228329460
2020-04-29;52.6767;53.5467;52.21;53.3667;243239730
2020-04-30;57.0133;57.9867;50.9;52.1267;427077810
2020-05-01;50.3333;51.5167;45.5367;46.7533;487977105
2020-05-04;46.7333;50.8;46.5333;50.7467;288556350
2020-05-05;52.6533;53.26;50.8133;51.2133;254874840
2020-05-06;51.7667;52.6533;50.74;52.1733;166848465
2020-05-07;51.8133;53.0933;51.49;52.0033;172915290
2020-05-08;52.9167;54.9333;52.4667;54.6267;241951305
2020-05-11;52.7;54.9333;52.3333;54.0867;247794015
2020-05-12;55.1333;56.22;53.8667;53.96;238603575
2020-05-13;54.7233;55.0667;50.8867;52.73;285982365
2020-05-14;52;53.5567;50.9333;53.5567;205232820
2020-05-15;52.69;53.67;52.4367;53.2767;157776420
2020-05-18;55.1867;55.6467;53.5933;54.2433;175471530
2020-05-19;54.3433;54.8033;53.74;53.8667;144547830
2020-05-20;54.7;55.0667;54.12;54.37;109639065
2020-05-21;54.4;55.5;53.0667;55.1733;183818760
2020-05-22;54.81;55.4533;54.1333;54.46;149812125
2020-05-26;55.6333;55.64;54.38;54.59;121346040
2020-05-27;54.7233;55.18;52.3333;54.6833;173242950
2020-05-28;54.2333;54.9833;53.4467;53.72;109136610
2020-05-29;53.9167;55.6667;53.6133;55.6667;177187335
2020-06-01;57.2;59.9333;56.94;59.8733;226279455
2020-06-02;59.6467;60.5767;58.0667;58.77;203483940
2020-06-03;59.2067;59.8633;58.6733;58.8633;119242035
2020-06-04;59.3267;59.7167;57.23;57.6267;133315695
2020-06-05;58.5233;59.1;57.7467;59.0433;117178755
2020-06-08;61.2667;63.3333;60.61;63.3267;212620905
2020-06-09;62.6667;63.63;61.5967;62.71;170822310
2020-06-10;66.1267;68.5;65.5;68.3367;278451195
2020-06-11;66.0133;67.93;64.8;64.8567;238747230
2020-06-12;65.3333;65.8667;60.84;62.3533;251450610
2020-06-15;61.1867;66.59;60.5667;66.06;235457670
2020-06-16;67.4567;67.5267;64.16;65.4767;210766170
2020-06-17;65.8467;67;65.5033;66.12;148362000
2020-06-18;66.8667;67.9467;66.2967;66.93;146279040
2020-06-19;67.52;67.73;66.09;66.7267;130196235
2020-06-22;66.6633;67.26;66;66.2867;95435250
2020-06-23;66.5933;67.4667;66.2667;66.7867;95479065
2020-06-24;66.2733;66.7267;63.5433;64.0567;164393895
2020-06-25;63.6167;65.7333;62.4767;65.7333;138818235
2020-06-26;66.32;66.3333;63.6567;63.9833;132823620
2020-06-29;64.6;67.3333;63.2333;67.29;135396060
2020-06-30;67.1;72.5133;66.9167;71.9867;253777515
2020-07-01;72.2;75.69;72.0333;74.6433;199903440
2020-07-02;81.4333;81.8667;79.04;80.5767;258751725
2020-07-06;85.1133;91.8533;84.4033;91.44;308547960
2020-07-07;93.6667;95.3;89.1133;92.6567;322344915
2020-07-08;93.6667;94.4833;87.4233;91.06;244669680
2020-07-09;93.1333;93.9033;90.0867;92.9533;175763970
2020-07-10;93.0667;103.26;91.7333;102.977;350063295
2020-07-13;110.6;119.667;98.0733;99.8033;584780430
2020-07-14;103.733;106;95.4;101.12;351272100
2020-07-15;102.867;103.333;97.1333;103.067;245517435
2020-07-16;98.4767;102.113;97.7333;100.043;214511775
2020-07-17;100.897;102.5;99.3333;100.057;139949580
2020-07-20;101.267;110;99.2;109.533;256820505
2020-07-21;109.33;111.667;103.867;104.557;242359200
